{
  "Total" : {
    "transaction" : "Total",
    "sampleCount" : 1000,
    "errorCount" : 0,
    "errorPct" : 0.0,
    "meanResTime" : 1364.8439999999991,
    "medianResTime" : 1283.0,
    "minResTime" : 1127.0,
    "maxResTime" : 3439.0,
    "pct1ResTime" : 1604.9,
    "pct2ResTime" : 1855.7999999999997,
    "pct3ResTime" : 2790.630000000001,
    "throughput" : 19.656792404615413,
    "receivedKBytesPerSec" : 2475.9688034419046,
    "sentKBytesPerSec" : 2.284334273583237
  },
  "HTTP Request" : {
    "transaction" : "HTTP Request",
    "sampleCount" : 1000,
    "errorCount" : 0,
    "errorPct" : 0.0,
    "meanResTime" : 1364.8439999999991,
    "medianResTime" : 1283.0,
    "minResTime" : 1127.0,
    "maxResTime" : 3439.0,
    "pct1ResTime" : 1604.9,
    "pct2ResTime" : 1855.7999999999997,
    "pct3ResTime" : 2790.630000000001,
    "throughput" : 19.656792404615413,
    "receivedKBytesPerSec" : 2475.9688034419046,
    "sentKBytesPerSec" : 2.284334273583237
  }
}