{
  "Total" : {
    "transaction" : "Total",
    "sampleCount" : 400,
    "errorCount" : 0,
    "errorPct" : 0.0,
    "meanResTime" : 7004.400000000005,
    "medianResTime" : 7296.0,
    "minResTime" : 1951.0,
    "maxResTime" : 9477.0,
    "pct1ResTime" : 8831.7,
    "pct2ResTime" : 8958.95,
    "pct3ResTime" : 9302.99,
    "throughput" : 19.581925882410534,
    "receivedKBytesPerSec" : 2452.789200567876,
    "sentKBytesPerSec" : 2.275633964850443
  },
  "HTTP Request" : {
    "transaction" : "HTTP Request",
    "sampleCount" : 400,
    "errorCount" : 0,
    "errorPct" : 0.0,
    "meanResTime" : 7004.400000000005,
    "medianResTime" : 7296.0,
    "minResTime" : 1951.0,
    "maxResTime" : 9477.0,
    "pct1ResTime" : 8831.7,
    "pct2ResTime" : 8958.95,
    "pct3ResTime" : 9302.99,
    "throughput" : 19.581925882410534,
    "receivedKBytesPerSec" : 2452.789200567876,
    "sentKBytesPerSec" : 2.275633964850443
  }
}