{
  "contact Request" : {
    "transaction" : "contact Request",
    "sampleCount" : 505,
    "errorCount" : 0,
    "errorPct" : 0.0,
    "meanResTime" : 2604.562376237624,
    "medianResTime" : 2339.0,
    "minResTime" : 212.0,
    "maxResTime" : 22386.0,
    "pct1ResTime" : 3568.6000000000004,
    "pct2ResTime" : 4126.299999999998,
    "pct3ResTime" : 16042.599999999999,
    "throughput" : 11.73572540726453,
    "receivedKBytesPerSec" : 354.7535588442054,
    "sentKBytesPerSec" : 1.4555050065650346
  },
  "Total" : {
    "transaction" : "Total",
    "sampleCount" : 2020,
    "errorCount" : 0,
    "errorPct" : 0.0,
    "meanResTime" : 7619.708910891086,
    "medianResTime" : 3247.0,
    "minResTime" : 212.0,
    "maxResTime" : 40072.0,
    "pct1ResTime" : 22727.9,
    "pct2ResTime" : 25702.9,
    "pct3ResTime" : 30159.39,
    "throughput" : 42.862902370191186,
    "receivedKBytesPerSec" : 2400.353926458028,
    "sentKBytesPerSec" : 5.221823311212256
  },
  "home Request" : {
    "transaction" : "home Request",
    "sampleCount" : 505,
    "errorCount" : 0,
    "errorPct" : 0.0,
    "meanResTime" : 18657.906930693076,
    "medianResTime" : 21530.0,
    "minResTime" : 1445.0,
    "maxResTime" : 40072.0,
    "pct1ResTime" : 27239.800000000003,
    "pct2ResTime" : 29214.399999999998,
    "pct3ResTime" : 33977.079999999994,
    "throughput" : 10.866758478223446,
    "receivedKBytesPerSec" : 1368.7764734342722,
    "sentKBytesPerSec" : 1.26283619034042
  },
  "about Request" : {
    "transaction" : "about Request",
    "sampleCount" : 505,
    "errorCount" : 0,
    "errorPct" : 0.0,
    "meanResTime" : 5971.889108910893,
    "medianResTime" : 3337.0,
    "minResTime" : 226.0,
    "maxResTime" : 35921.0,
    "pct1ResTime" : 16976.600000000002,
    "pct2ResTime" : 20180.0,
    "pct3ResTime" : 24380.82,
    "throughput" : 11.178006994554872,
    "receivedKBytesPerSec" : 519.591752865056,
    "sentKBytesPerSec" : 1.3645028069524991
  },
  "services Request" : {
    "transaction" : "services Request",
    "sampleCount" : 505,
    "errorCount" : 0,
    "errorPct" : 0.0,
    "meanResTime" : 3244.4772277227717,
    "medianResTime" : 2862.0,
    "minResTime" : 215.0,
    "maxResTime" : 22455.0,
    "pct1ResTime" : 4357.400000000001,
    "pct2ResTime" : 9533.499999999998,
    "pct3ResTime" : 19064.26,
    "throughput" : 11.403409732415039,
    "receivedKBytesPerSec" : 243.24675662611494,
    "sentKBytesPerSec" : 1.42542621655188
  }
}