{
  "contact Request" : {
    "transaction" : "contact Request",
    "sampleCount" : 400,
    "errorCount" : 0,
    "errorPct" : 0.0,
    "meanResTime" : 3795.8374999999965,
    "medianResTime" : 3756.0,
    "minResTime" : 1583.0,
    "maxResTime" : 8447.0,
    "pct1ResTime" : 6143.700000000001,
    "pct2ResTime" : 7269.45,
    "pct3ResTime" : 8397.84,
    "throughput" : 15.533377344569143,
    "receivedKBytesPerSec" : 469.5509397693293,
    "sentKBytesPerSec" : 1.9265028542580869
  },
  "Total" : {
    "transaction" : "Total",
    "sampleCount" : 2000,
    "errorCount" : 0,
    "errorPct" : 0.0,
    "meanResTime" : 4946.336500000003,
    "medianResTime" : 4377.5,
    "minResTime" : 628.0,
    "maxResTime" : 9390.0,
    "pct1ResTime" : 7782.8,
    "pct2ResTime" : 8420.299999999997,
    "pct3ResTime" : 9147.92,
    "throughput" : 12.104632442835873,
    "receivedKBytesPerSec" : 847.2344319295995,
    "sentKBytesPerSec" : 1.4610669628266737
  },
  "home Request" : {
    "transaction" : "home Request",
    "sampleCount" : 800,
    "errorCount" : 0,
    "errorPct" : 0.0,
    "meanResTime" : 5322.0250000000015,
    "medianResTime" : 5283.5,
    "minResTime" : 1233.0,
    "maxResTime" : 9390.0,
    "pct1ResTime" : 8119.4,
    "pct2ResTime" : 8985.599999999999,
    "pct3ResTime" : 9292.98,
    "throughput" : 5.134920023620632,
    "receivedKBytesPerSec" : 646.7943255924414,
    "sentKBytesPerSec" : 0.5967338699324758
  },
  "about Request" : {
    "transaction" : "about Request",
    "sampleCount" : 400,
    "errorCount" : 0,
    "errorPct" : 0.0,
    "meanResTime" : 5536.240000000002,
    "medianResTime" : 5675.5,
    "minResTime" : 628.0,
    "maxResTime" : 8708.0,
    "pct1ResTime" : 8164.0,
    "pct2ResTime" : 8456.55,
    "pct3ResTime" : 8662.96,
    "throughput" : 17.983994245121842,
    "receivedKBytesPerSec" : 835.9571699937055,
    "sentKBytesPerSec" : 2.1953117975002248
  },
  "services Request" : {
    "transaction" : "services Request",
    "sampleCount" : 400,
    "errorCount" : 0,
    "errorPct" : 0.0,
    "meanResTime" : 4755.555000000004,
    "medianResTime" : 4078.0,
    "minResTime" : 1181.0,
    "maxResTime" : 8507.0,
    "pct1ResTime" : 7372.3,
    "pct2ResTime" : 8044.899999999999,
    "pct3ResTime" : 8448.89,
    "throughput" : 15.780337699226761,
    "receivedKBytesPerSec" : 336.611246449424,
    "sentKBytesPerSec" : 1.9725422124033456
  }
}