{
  "Total" : {
    "transaction" : "Total",
    "sampleCount" : 2000,
    "errorCount" : 325,
    "errorPct" : 16.25,
    "meanResTime" : 8974.042000000018,
    "medianResTime" : 9583.5,
    "minResTime" : 366.0,
    "maxResTime" : 16584.0,
    "pct1ResTime" : 15678.9,
    "pct2ResTime" : 15997.399999999998,
    "pct3ResTime" : 16377.95,
    "throughput" : 31.31507664365008,
    "receivedKBytesPerSec" : 3313.0077996559257,
    "sentKBytesPerSec" : 3.3098109401177447
  },
  "HTTP Request" : {
    "transaction" : "HTTP Request",
    "sampleCount" : 2000,
    "errorCount" : 325,
    "errorPct" : 16.25,
    "meanResTime" : 8974.042000000018,
    "medianResTime" : 9583.5,
    "minResTime" : 366.0,
    "maxResTime" : 16584.0,
    "pct1ResTime" : 15678.9,
    "pct2ResTime" : 15997.399999999998,
    "pct3ResTime" : 16377.95,
    "throughput" : 31.31507664365008,
    "receivedKBytesPerSec" : 3313.0077996559257,
    "sentKBytesPerSec" : 3.3098109401177447
  }
}