{
  "contact Request" : {
    "transaction" : "contact Request",
    "sampleCount" : 506,
    "errorCount" : 107,
    "errorPct" : 21.146246,
    "meanResTime" : 3881.9130434782587,
    "medianResTime" : 2462.0,
    "minResTime" : 0.0,
    "maxResTime" : 12140.0,
    "pct1ResTime" : 9463.900000000001,
    "pct2ResTime" : 10900.3,
    "pct3ResTime" : 11621.24,
    "throughput" : 19.981834695731152,
    "receivedKBytesPerSec" : 486.2584394004462,
    "sentKBytesPerSec" : 2.0472217697350237
  },
  "Total" : {
    "transaction" : "Total",
    "sampleCount" : 2024,
    "errorCount" : 534,
    "errorPct" : 26.3834,
    "meanResTime" : 4894.937747035566,
    "medianResTime" : 4393.0,
    "minResTime" : 0.0,
    "maxResTime" : 12680.0,
    "pct1ResTime" : 10891.0,
    "pct2ResTime" : 11701.75,
    "pct3ResTime" : 12568.25,
    "throughput" : 62.616012869694345,
    "receivedKBytesPerSec" : 2804.4394922793435,
    "sentKBytesPerSec" : 5.851308480154065
  },
  "home Request" : {
    "transaction" : "home Request",
    "sampleCount" : 506,
    "errorCount" : 63,
    "errorPct" : 12.450593,
    "meanResTime" : 6841.077075098818,
    "medianResTime" : 6957.5,
    "minResTime" : 393.0,
    "maxResTime" : 12680.0,
    "pct1ResTime" : 12292.6,
    "pct2ResTime" : 12529.9,
    "pct3ResTime" : 12639.72,
    "throughput" : 22.863856129411232,
    "receivedKBytesPerSec" : 2528.2935277438887,
    "sentKBytesPerSec" : 2.4049798642176134
  },
  "about Request" : {
    "transaction" : "about Request",
    "sampleCount" : 506,
    "errorCount" : 198,
    "errorPct" : 39.130436,
    "meanResTime" : 4447.460474308304,
    "medianResTime" : 5680.5,
    "minResTime" : 0.0,
    "maxResTime" : 12066.0,
    "pct1ResTime" : 9554.8,
    "pct2ResTime" : 10793.75,
    "pct3ResTime" : 11702.97,
    "throughput" : 19.07922024056408,
    "receivedKBytesPerSec" : 556.3570201444138,
    "sentKBytesPerSec" : 1.459081070189661
  },
  "services Request" : {
    "transaction" : "services Request",
    "sampleCount" : 506,
    "errorCount" : 166,
    "errorPct" : 32.806324,
    "meanResTime" : 4409.300395256916,
    "medianResTime" : 3592.5,
    "minResTime" : 0.0,
    "maxResTime" : 12165.0,
    "pct1ResTime" : 10229.5,
    "pct2ResTime" : 11192.0,
    "pct3ResTime" : 11987.86,
    "throughput" : 18.102461362335433,
    "receivedKBytesPerSec" : 272.90966992522897,
    "sentKBytesPerSec" : 1.6233185460789925
  }
}