{
  "Total" : {
    "transaction" : "Total",
    "sampleCount" : 1600,
    "errorCount" : 30,
    "errorPct" : 1.875,
    "meanResTime" : 8954.27749999999,
    "medianResTime" : 9849.5,
    "minResTime" : 374.0,
    "maxResTime" : 15292.0,
    "pct1ResTime" : 14797.8,
    "pct2ResTime" : 15004.9,
    "pct3ResTime" : 15174.81,
    "throughput" : 24.786218862312552,
    "receivedKBytesPerSec" : 3064.3306462231994,
    "sentKBytesPerSec" : 2.8534257023407483
  },
  "HTTP Request" : {
    "transaction" : "HTTP Request",
    "sampleCount" : 1600,
    "errorCount" : 30,
    "errorPct" : 1.875,
    "meanResTime" : 8954.27749999999,
    "medianResTime" : 9849.5,
    "minResTime" : 374.0,
    "maxResTime" : 15292.0,
    "pct1ResTime" : 14797.8,
    "pct2ResTime" : 15004.9,
    "pct3ResTime" : 15174.81,
    "throughput" : 24.786218862312552,
    "receivedKBytesPerSec" : 3064.3306462231994,
    "sentKBytesPerSec" : 2.8534257023407483
  }
}