{
  "contact Request" : {
    "transaction" : "contact Request",
    "sampleCount" : 507,
    "errorCount" : 101,
    "errorPct" : 19.921104,
    "meanResTime" : 4319.331360946748,
    "medianResTime" : 4450.0,
    "minResTime" : 0.0,
    "maxResTime" : 10681.0,
    "pct1ResTime" : 9302.8,
    "pct2ResTime" : 10008.6,
    "pct3ResTime" : 10239.68,
    "throughput" : 20.083980351766755,
    "receivedKBytesPerSec" : 495.4138622667763,
    "sentKBytesPerSec" : 2.0831063817144666
  },
  "Total" : {
    "transaction" : "Total",
    "sampleCount" : 2028,
    "errorCount" : 545,
    "errorPct" : 26.873768,
    "meanResTime" : 4869.978796844182,
    "medianResTime" : 5156.0,
    "minResTime" : 0.0,
    "maxResTime" : 11223.0,
    "pct1ResTime" : 9847.400000000001,
    "pct2ResTime" : 10383.1,
    "pct3ResTime" : 11008.68,
    "throughput" : 63.13233508700932,
    "receivedKBytesPerSec" : 2787.749492672696,
    "sentKBytesPerSec" : 5.909718601158049
  },
  "home Request" : {
    "transaction" : "home Request",
    "sampleCount" : 507,
    "errorCount" : 69,
    "errorPct" : 13.6094675,
    "meanResTime" : 6040.857988165682,
    "medianResTime" : 6159.0,
    "minResTime" : 384.0,
    "maxResTime" : 11223.0,
    "pct1ResTime" : 10693.2,
    "pct2ResTime" : 10961.2,
    "pct3ResTime" : 11157.92,
    "throughput" : 24.194702934860416,
    "receivedKBytesPerSec" : 2638.9202215312575,
    "sentKBytesPerSec" : 2.600951070746839
  },
  "about Request" : {
    "transaction" : "about Request",
    "sampleCount" : 507,
    "errorCount" : 217,
    "errorPct" : 42.80079,
    "meanResTime" : 4143.875739644968,
    "medianResTime" : 3739.0,
    "minResTime" : 0.0,
    "maxResTime" : 10891.0,
    "pct1ResTime" : 8815.0,
    "pct2ResTime" : 9903.199999999999,
    "pct3ResTime" : 10556.160000000002,
    "throughput" : 19.363709277011804,
    "receivedKBytesPerSec" : 532.8726311561892,
    "sentKBytesPerSec" : 1.3939969994843984
  },
  "services Request" : {
    "transaction" : "services Request",
    "sampleCount" : 507,
    "errorCount" : 158,
    "errorPct" : 31.163708,
    "meanResTime" : 4975.850098619323,
    "medianResTime" : 5237.0,
    "minResTime" : 0.0,
    "maxResTime" : 10689.0,
    "pct1ResTime" : 9774.199999999999,
    "pct2ResTime" : 10196.199999999999,
    "pct3ResTime" : 10629.76,
    "throughput" : 18.12267657992565,
    "receivedKBytesPerSec" : 278.59136653962327,
    "sentKBytesPerSec" : 1.6532027452101803
  }
}