{
  "contact Request" : {
    "transaction" : "contact Request",
    "sampleCount" : 510,
    "errorCount" : 105,
    "errorPct" : 20.588236,
    "meanResTime" : 3883.543137254902,
    "medianResTime" : 2539.5,
    "minResTime" : 0.0,
    "maxResTime" : 11214.0,
    "pct1ResTime" : 9220.400000000001,
    "pct2ResTime" : 10050.9,
    "pct3ResTime" : 10842.47,
    "throughput" : 18.796992481203006,
    "receivedKBytesPerSec" : 460.5838686214617,
    "sentKBytesPerSec" : 1.9198674535603715
  },
  "Total" : {
    "transaction" : "Total",
    "sampleCount" : 2040,
    "errorCount" : 519,
    "errorPct" : 25.441177,
    "meanResTime" : 4690.383333333323,
    "medianResTime" : 4038.0,
    "minResTime" : 0.0,
    "maxResTime" : 11847.0,
    "pct1ResTime" : 10041.0,
    "pct2ResTime" : 10824.849999999999,
    "pct3ResTime" : 11656.079999999998,
    "throughput" : 64.89168813818112,
    "receivedKBytesPerSec" : 2883.4513955987372,
    "sentKBytesPerSec" : 6.17085485455037
  },
  "home Request" : {
    "transaction" : "home Request",
    "sampleCount" : 510,
    "errorCount" : 79,
    "errorPct" : 15.490196,
    "meanResTime" : 6038.26274509804,
    "medianResTime" : 6276.0,
    "minResTime" : 393.0,
    "maxResTime" : 11847.0,
    "pct1ResTime" : 11303.400000000001,
    "pct2ResTime" : 11618.15,
    "pct3ResTime" : 11759.89,
    "throughput" : 24.042994531397323,
    "receivedKBytesPerSec" : 2568.2069885265414,
    "sentKBytesPerSec" : 2.470824665873091
  },
  "about Request" : {
    "transaction" : "about Request",
    "sampleCount" : 510,
    "errorCount" : 179,
    "errorPct" : 35.098038,
    "meanResTime" : 4501.339215686275,
    "medianResTime" : 5721.0,
    "minResTime" : 0.0,
    "maxResTime" : 11317.0,
    "pct1ResTime" : 8893.300000000001,
    "pct2ResTime" : 10261.049999999997,
    "pct3ResTime" : 11175.349999999999,
    "throughput" : 19.88846858791873,
    "receivedKBytesPerSec" : 615.5572427173107,
    "sentKBytesPerSec" : 1.6375692196700853
  },
  "services Request" : {
    "transaction" : "services Request",
    "sampleCount" : 510,
    "errorCount" : 156,
    "errorPct" : 30.588236,
    "meanResTime" : 4338.388235294125,
    "medianResTime" : 3756.5,
    "minResTime" : 0.0,
    "maxResTime" : 11297.0,
    "pct1ResTime" : 9715.400000000001,
    "pct2ResTime" : 10286.65,
    "pct3ResTime" : 11066.469999999998,
    "throughput" : 18.504408403178402,
    "receivedKBytesPerSec" : 286.23631161333043,
    "sentKBytesPerSec" : 1.723449802256812
  }
}