{
  "Total" : {
    "transaction" : "Total",
    "sampleCount" : 1500,
    "errorCount" : 0,
    "errorPct" : 0.0,
    "meanResTime" : 7362.73866666667,
    "medianResTime" : 6283.0,
    "minResTime" : 1216.0,
    "maxResTime" : 27119.0,
    "pct1ResTime" : 16490.4,
    "pct2ResTime" : 19926.65,
    "pct3ResTime" : 24486.980000000003,
    "throughput" : 22.840088924079545,
    "receivedKBytesPerSec" : 2876.9367086860857,
    "sentKBytesPerSec" : 2.65426814645065
  },
  "HTTP Request" : {
    "transaction" : "HTTP Request",
    "sampleCount" : 1500,
    "errorCount" : 0,
    "errorPct" : 0.0,
    "meanResTime" : 7362.73866666667,
    "medianResTime" : 6283.0,
    "minResTime" : 1216.0,
    "maxResTime" : 27119.0,
    "pct1ResTime" : 16490.4,
    "pct2ResTime" : 19926.65,
    "pct3ResTime" : 24486.980000000003,
    "throughput" : 22.840088924079545,
    "receivedKBytesPerSec" : 2876.9367086860857,
    "sentKBytesPerSec" : 2.65426814645065
  }
}