{
  "Total" : {
    "transaction" : "Total",
    "sampleCount" : 1700,
    "errorCount" : 77,
    "errorPct" : 4.529412,
    "meanResTime" : 9658.89352941176,
    "medianResTime" : 9702.5,
    "minResTime" : 368.0,
    "maxResTime" : 16431.0,
    "pct1ResTime" : 15572.9,
    "pct2ResTime" : 15915.9,
    "pct3ResTime" : 16125.97,
    "throughput" : 25.88661661920787,
    "receivedKBytesPerSec" : 3114.8558902997515,
    "sentKBytesPerSec" : 2.9463722333678484
  },
  "HTTP Request" : {
    "transaction" : "HTTP Request",
    "sampleCount" : 1700,
    "errorCount" : 77,
    "errorPct" : 4.529412,
    "meanResTime" : 9658.89352941176,
    "medianResTime" : 9702.5,
    "minResTime" : 368.0,
    "maxResTime" : 16431.0,
    "pct1ResTime" : 15572.9,
    "pct2ResTime" : 15915.9,
    "pct3ResTime" : 16125.97,
    "throughput" : 25.88661661920787,
    "receivedKBytesPerSec" : 3114.8558902997515,
    "sentKBytesPerSec" : 2.9463722333678484
  }
}